NASDAQ,ABEO,TIME_SERIES_DAILY:Daily|TIME_SERIES_INTRADAY:1min
NASDAQ,ACIU,TIME_SERIES_DAILY:Daily|TIME_SERIES_INTRADAY:1min
NASDAQ,ACAD,TIME_SERIES_DAILY:Daily|TIME_SERIES_INTRADAY:1min
NASDAQ,ACST,TIME_SERIES_DAILY:Daily|TIME_SERIES_INTRADAY:1min
NASDAQ,ACRX,TIME_SERIES_DAILY:Daily|TIME_SERIES_INTRADAY:1min
NASDAQ,ACER,TIME_SERIES_DAILY:Daily|TIME_SERIES_INTRADAY:1min
NASDAQ,AKAO,TIME_SERIES_DAILY:Daily|TIME_SERIES_INTRADAY:1min
NASDAQ,ACHN,TIME_SERIES_DAILY:Daily|TIME_SERIES_INTRADAY:1min
NASDAQ,ACRS,TIME_SERIES_DAILY:Daily|TIME_SERIES_INTRADAY:1min
NASDAQ,ADMS,TIME_SERIES_DAILY:Daily|TIME_SERIES_INTRADAY:1min
NASDAQ,ADMP,TIME_SERIES_DAILY:Daily|TIME_SERIES_INTRADAY:1min
NASDAQ,ADRO,TIME_SERIES_DAILY:Daily|TIME_SERIES_INTRADAY:1min
NASDAQ,AAAP,TIME_SERIES_DAILY:Daily|TIME_SERIES_INTRADAY:1min
NASDAQ,ADXS,TIME_SERIES_DAILY:Daily|TIME_SERIES_INTRADAY:1min
NASDAQ,AGLE,TIME_SERIES_DAILY:Daily|TIME_SERIES_INTRADAY:1min
NASDAQ,AEZS,TIME_SERIES_DAILY:Daily|TIME_SERIES_INTRADAY:1min
NASDAQ,AFMD,TIME_SERIES_DAILY:Daily|TIME_SERIES_INTRADAY:1min
NASDAQ,AGRX,TIME_SERIES_DAILY:Daily|TIME_SERIES_INTRADAY:1min
NASDAQ,AGIO,TIME_SERIES_DAILY:Daily|TIME_SERIES_INTRADAY:1min
NASDAQ,ALRN,TIME_SERIES_DAILY:Daily|TIME_SERIES_INTRADAY:1min
NASDAQ,AIMT,TIME_SERIES_DAILY:Daily|TIME_SERIES_INTRADAY:1min
NASDAQ,AKTX,TIME_SERIES_DAILY:Daily|TIME_SERIES_INTRADAY:1min
NASDAQ,AKCA,TIME_SERIES_DAILY:Daily|TIME_SERIES_INTRADAY:1min
NASDAQ,AKBA,TIME_SERIES_DAILY:Daily|TIME_SERIES_INTRADAY:1min
NASDAQ,AKRX,TIME_SERIES_DAILY:Daily|TIME_SERIES_INTRADAY:1min
NASDAQ,ALBO,TIME_SERIES_DAILY:Daily|TIME_SERIES_INTRADAY:1min
NASDAQ,ALDR,TIME_SERIES_DAILY:Daily|TIME_SERIES_INTRADAY:1min
NASDAQ,ALDX,TIME_SERIES_DAILY:Daily|TIME_SERIES_INTRADAY:1min
NASDAQ,ALXN,TIME_SERIES_DAILY:Daily|TIME_SERIES_INTRADAY:1min
NASDAQ,ALIM,TIME_SERIES_DAILY:Daily|TIME_SERIES_INTRADAY:1min
NASDAQ,ALKS,TIME_SERIES_DAILY:Daily|TIME_SERIES_INTRADAY:1min
NASDAQ,ALLK,TIME_SERIES_DAILY:Daily|TIME_SERIES_INTRADAY:1min
NASDAQ,ALNY,TIME_SERIES_DAILY:Daily|TIME_SERIES_INTRADAY:1min
NASDAQ,ALPN,TIME_SERIES_DAILY:Daily|TIME_SERIES_INTRADAY:1min
NASDAQ,ALT,TIME_SERIES_DAILY:Daily|TIME_SERIES_INTRADAY:1min
NASDAQ,AMAG,TIME_SERIES_DAILY:Daily|TIME_SERIES_INTRADAY:1min
NASDAQ,AMRN,TIME_SERIES_DAILY:Daily|TIME_SERIES_INTRADAY:1min
NASDAQ,FOLD,TIME_SERIES_DAILY:Daily|TIME_SERIES_INTRADAY:1min
NASDAQ,AMPH,TIME_SERIES_DAILY:Daily|TIME_SERIES_INTRADAY:1min
NASDAQ,ANAB,TIME_SERIES_DAILY:Daily|TIME_SERIES_INTRADAY:1min
NASDAQ,ANIP,TIME_SERIES_DAILY:Daily|TIME_SERIES_INTRADAY:1min
NASDAQ,ANTH,TIME_SERIES_DAILY:Daily|TIME_SERIES_INTRADAY:1min
NASDAQ,APLS,TIME_SERIES_DAILY:Daily|TIME_SERIES_INTRADAY:1min
NASDAQ,APRI,TIME_SERIES_DAILY:Daily|TIME_SERIES_INTRADAY:1min
NASDAQ,APVO,TIME_SERIES_DAILY:Daily|TIME_SERIES_INTRADAY:1min
NASDAQ,APTX,TIME_SERIES_DAILY:Daily|TIME_SERIES_INTRADAY:1min
NASDAQ,AQST,TIME_SERIES_DAILY:Daily|TIME_SERIES_INTRADAY:1min
NASDAQ,AQXP,TIME_SERIES_DAILY:Daily|TIME_SERIES_INTRADAY:1min
NASDAQ,ARLZ,TIME_SERIES_DAILY:Daily|TIME_SERIES_INTRADAY:1min
NASDAQ,PETX,TIME_SERIES_DAILY:Daily|TIME_SERIES_INTRADAY:1min
NASDAQ,ABUS,TIME_SERIES_DAILY:Daily|TIME_SERIES_INTRADAY:1min
NASDAQ,RCUS,TIME_SERIES_DAILY:Daily|TIME_SERIES_INTRADAY:1min
NASDAQ,ARDX,TIME_SERIES_DAILY:Daily|TIME_SERIES_INTRADAY:1min
NASDAQ,ARNA,TIME_SERIES_DAILY:Daily|TIME_SERIES_INTRADAY:1min
NASDAQ,ARGS,TIME_SERIES_DAILY:Daily|TIME_SERIES_INTRADAY:1min
NASDAQ,ARDS,TIME_SERIES_DAILY:Daily|TIME_SERIES_INTRADAY:1min
NASDAQ,ARMO,TIME_SERIES_DAILY:Daily|TIME_SERIES_INTRADAY:1min
NASDAQ,ARQL,TIME_SERIES_DAILY:Daily|TIME_SERIES_INTRADAY:1min
NASDAQ,ARRY,TIME_SERIES_DAILY:Daily|TIME_SERIES_INTRADAY:1min
NASDAQ,ARWR,TIME_SERIES_DAILY:Daily|TIME_SERIES_INTRADAY:1min
NASDAQ,ASND,TIME_SERIES_DAILY:Daily|TIME_SERIES_INTRADAY:1min
NASDAQ,ASLN,TIME_SERIES_DAILY:Daily|TIME_SERIES_INTRADAY:1min
NASDAQ,ASMB,TIME_SERIES_DAILY:Daily|TIME_SERIES_INTRADAY:1min
NASDAQ,ATNX,TIME_SERIES_DAILY:Daily|TIME_SERIES_INTRADAY:1min
NASDAQ,ATHX,TIME_SERIES_DAILY:Daily|TIME_SERIES_INTRADAY:1min
NASDAQ,ATOS,TIME_SERIES_DAILY:Daily|TIME_SERIES_INTRADAY:1min
NASDAQ,AUPH,TIME_SERIES_DAILY:Daily|TIME_SERIES_INTRADAY:1min
NASDAQ,EARS,TIME_SERIES_DAILY:Daily|TIME_SERIES_INTRADAY:1min
NASDAQ,AUTL,TIME_SERIES_DAILY:Daily|TIME_SERIES_INTRADAY:1min
NASDAQ,AVDL,TIME_SERIES_DAILY:Daily|TIME_SERIES_INTRADAY:1min
NASDAQ,ATXI,TIME_SERIES_DAILY:Daily|TIME_SERIES_INTRADAY:1min
NASDAQ,AVEO,TIME_SERIES_DAILY:Daily|TIME_SERIES_INTRADAY:1min
NASDAQ,CDMO,TIME_SERIES_DAILY:Daily|TIME_SERIES_INTRADAY:1min
NASDAQ,AVRO,TIME_SERIES_DAILY:Daily|TIME_SERIES_INTRADAY:1min
NASDAQ,AXON,TIME_SERIES_DAILY:Daily|TIME_SERIES_INTRADAY:1min
NASDAQ,AXSM,TIME_SERIES_DAILY:Daily|TIME_SERIES_INTRADAY:1min
NASDAQ,AYTU,TIME_SERIES_DAILY:Daily|TIME_SERIES_INTRADAY:1min
NASDAQ,AZRX,TIME_SERIES_DAILY:Daily|TIME_SERIES_INTRADAY:1min
NASDAQ,BGNE,TIME_SERIES_DAILY:Daily|TIME_SERIES_INTRADAY:1min
NASDAQ,BLPH,TIME_SERIES_DAILY:Daily|TIME_SERIES_INTRADAY:1min
NASDAQ,BLCM,TIME_SERIES_DAILY:Daily|TIME_SERIES_INTRADAY:1min
NASDAQ,BNTC,TIME_SERIES_DAILY:Daily|TIME_SERIES_INTRADAY:1min
NASDAQ,BYSI,TIME_SERIES_DAILY:Daily|TIME_SERIES_INTRADAY:1min
NASDAQ,ORPN,TIME_SERIES_DAILY:Daily|TIME_SERIES_INTRADAY:1min
NASDAQ,BDSI,TIME_SERIES_DAILY:Daily|TIME_SERIES_INTRADAY:1min
NASDAQ,BFRA,TIME_SERIES_DAILY:Daily|TIME_SERIES_INTRADAY:1min
NASDAQ,BLRX,TIME_SERIES_DAILY:Daily|TIME_SERIES_INTRADAY:1min
NASDAQ,BMRN,TIME_SERIES_DAILY:Daily|TIME_SERIES_INTRADAY:1min
NASDAQ,BPTH,TIME_SERIES_DAILY:Daily|TIME_SERIES_INTRADAY:1min
NASDAQ,BSTC,TIME_SERIES_DAILY:Daily|TIME_SERIES_INTRADAY:1min
NASDAQ,BSPM,TIME_SERIES_DAILY:Daily|TIME_SERIES_INTRADAY:1min
NASDAQ,BIVV,TIME_SERIES_DAILY:Daily|TIME_SERIES_INTRADAY:1min
NASDAQ,BTAI,TIME_SERIES_DAILY:Daily|TIME_SERIES_INTRADAY:1min
NASDAQ,BPMC,TIME_SERIES_DAILY:Daily|TIME_SERIES_INTRADAY:1min
NASDAQ,CALA,TIME_SERIES_DAILY:Daily|TIME_SERIES_INTRADAY:1min
NASDAQ,CAPR,TIME_SERIES_DAILY:Daily|TIME_SERIES_INTRADAY:1min
NASDAQ,CARA,TIME_SERIES_DAILY:Daily|TIME_SERIES_INTRADAY:1min
NASDAQ,CRME,TIME_SERIES_DAILY:Daily|TIME_SERIES_INTRADAY:1min
NASDAQ,CATB,TIME_SERIES_DAILY:Daily|TIME_SERIES_INTRADAY:1min
NASDAQ,CBIO,TIME_SERIES_DAILY:Daily|TIME_SERIES_INTRADAY:1min
NASDAQ,CPRX,TIME_SERIES_DAILY:Daily|TIME_SERIES_INTRADAY:1min
NASDAQ,CELG,TIME_SERIES_DAILY:Daily|TIME_SERIES_INTRADAY:1min
NASDAQ,CELGZ,TIME_SERIES_DAILY:Daily|TIME_SERIES_INTRADAY:1min
NASDAQ,CLRB,TIME_SERIES_DAILY:Daily|TIME_SERIES_INTRADAY:1min
NASDAQ,CLSN,TIME_SERIES_DAILY:Daily|TIME_SERIES_INTRADAY:1min
NASDAQ,CYAD,TIME_SERIES_DAILY:Daily|TIME_SERIES_INTRADAY:1min
NASDAQ,CERC,TIME_SERIES_DAILY:Daily|TIME_SERIES_INTRADAY:1min
NASDAQ,CKPT,TIME_SERIES_DAILY:Daily|TIME_SERIES_INTRADAY:1min
NASDAQ,CEMI,TIME_SERIES_DAILY:Daily|TIME_SERIES_INTRADAY:1min
NASDAQ,CCXI,TIME_SERIES_DAILY:Daily|TIME_SERIES_INTRADAY:1min
NASDAQ,CHMA,TIME_SERIES_DAILY:Daily|TIME_SERIES_INTRADAY:1min
NASDAQ,CMRX,TIME_SERIES_DAILY:Daily|TIME_SERIES_INTRADAY:1min
NASDAQ,CTXR,TIME_SERIES_DAILY:Daily|TIME_SERIES_INTRADAY:1min
NASDAQ,CLSD,TIME_SERIES_DAILY:Daily|TIME_SERIES_INTRADAY:1min
NASDAQ,CMTA,TIME_SERIES_DAILY:Daily|TIME_SERIES_INTRADAY:1min
NASDAQ,CLVS,TIME_SERIES_DAILY:Daily|TIME_SERIES_INTRADAY:1min
NASDAQ,CWBR,TIME_SERIES_DAILY:Daily|TIME_SERIES_INTRADAY:1min
NASDAQ,COLL,TIME_SERIES_DAILY:Daily|TIME_SERIES_INTRADAY:1min
NASDAQ,CNAT,TIME_SERIES_DAILY:Daily|TIME_SERIES_INTRADAY:1min
NASDAQ,CNCE,TIME_SERIES_DAILY:Daily|TIME_SERIES_INTRADAY:1min
NASDAQ,CXRX,TIME_SERIES_DAILY:Daily|TIME_SERIES_INTRADAY:1min
NASDAQ,CNST,TIME_SERIES_DAILY:Daily|TIME_SERIES_INTRADAY:1min
NASDAQ,CFRX,TIME_SERIES_DAILY:Daily|TIME_SERIES_INTRADAY:1min
NASDAQ,CTRV,TIME_SERIES_DAILY:Daily|TIME_SERIES_INTRADAY:1min
NASDAQ,CRBP,TIME_SERIES_DAILY:Daily|TIME_SERIES_INTRADAY:1min
NASDAQ,CORT,TIME_SERIES_DAILY:Daily|TIME_SERIES_INTRADAY:1min
NASDAQ,CORI,TIME_SERIES_DAILY:Daily|TIME_SERIES_INTRADAY:1min
NASDAQ,CRVS,TIME_SERIES_DAILY:Daily|TIME_SERIES_INTRADAY:1min
NASDAQ,CRNS,TIME_SERIES_DAILY:Daily|TIME_SERIES_INTRADAY:1min
NASDAQ,CTIC,TIME_SERIES_DAILY:Daily|TIME_SERIES_INTRADAY:1min
NASDAQ,CUE,TIME_SERIES_DAILY:Daily|TIME_SERIES_INTRADAY:1min
NASDAQ,CPIX,TIME_SERIES_DAILY:Daily|TIME_SERIES_INTRADAY:1min
NASDAQ,CYCC,TIME_SERIES_DAILY:Daily|TIME_SERIES_INTRADAY:1min
NASDAQ,CBAY,TIME_SERIES_DAILY:Daily|TIME_SERIES_INTRADAY:1min
NASDAQ,CYTK,TIME_SERIES_DAILY:Daily|TIME_SERIES_INTRADAY:1min
NASDAQ,CTMX,TIME_SERIES_DAILY:Daily|TIME_SERIES_INTRADAY:1min
NASDAQ,DARE,TIME_SERIES_DAILY:Daily|TIME_SERIES_INTRADAY:1min
NASDAQ,DCPH,TIME_SERIES_DAILY:Daily|TIME_SERIES_INTRADAY:1min
NASDAQ,DMPI,TIME_SERIES_DAILY:Daily|TIME_SERIES_INTRADAY:1min
NASDAQ,DEPO,TIME_SERIES_DAILY:Daily|TIME_SERIES_INTRADAY:1min
NASDAQ,DERM,TIME_SERIES_DAILY:Daily|TIME_SERIES_INTRADAY:1min
NASDAQ,DRNA,TIME_SERIES_DAILY:Daily|TIME_SERIES_INTRADAY:1min
NASDAQ,DFFN,TIME_SERIES_DAILY:Daily|TIME_SERIES_INTRADAY:1min
NASDAQ,DOVA,TIME_SERIES_DAILY:Daily|TIME_SERIES_INTRADAY:1min
NASDAQ,DRRX,TIME_SERIES_DAILY:Daily|TIME_SERIES_INTRADAY:1min
NASDAQ,DVAX,TIME_SERIES_DAILY:Daily|TIME_SERIES_INTRADAY:1min
NASDAQ,EGRX,TIME_SERIES_DAILY:Daily|TIME_SERIES_INTRADAY:1min
NASDAQ,EDGE,TIME_SERIES_DAILY:Daily|TIME_SERIES_INTRADAY:1min
NASDAQ,EGLT,TIME_SERIES_DAILY:Daily|TIME_SERIES_INTRADAY:1min
NASDAQ,EIDX,TIME_SERIES_DAILY:Daily|TIME_SERIES_INTRADAY:1min
NASDAQ,EBIO,TIME_SERIES_DAILY:Daily|TIME_SERIES_INTRADAY:1min
NASDAQ,ENTA,TIME_SERIES_DAILY:Daily|TIME_SERIES_INTRADAY:1min
NASDAQ,ENDP,TIME_SERIES_DAILY:Daily|TIME_SERIES_INTRADAY:1min
NASDAQ,ECYT,TIME_SERIES_DAILY:Daily|TIME_SERIES_INTRADAY:1min
NASDAQ,EPZM,TIME_SERIES_DAILY:Daily|TIME_SERIES_INTRADAY:1min
NASDAQ,ESPR,TIME_SERIES_DAILY:Daily|TIME_SERIES_INTRADAY:1min
NASDAQ,EPIX,TIME_SERIES_DAILY:Daily|TIME_SERIES_INTRADAY:1min
NASDAQ,EVLO,TIME_SERIES_DAILY:Daily|TIME_SERIES_INTRADAY:1min
NASDAQ,EVFM,TIME_SERIES_DAILY:Daily|TIME_SERIES_INTRADAY:1min
NASDAQ,EVOK,TIME_SERIES_DAILY:Daily|TIME_SERIES_INTRADAY:1min
NASDAQ,EOLS,TIME_SERIES_DAILY:Daily|TIME_SERIES_INTRADAY:1min
NASDAQ,EYEG,TIME_SERIES_DAILY:Daily|TIME_SERIES_INTRADAY:1min
NASDAQ,EYEN,TIME_SERIES_DAILY:Daily|TIME_SERIES_INTRADAY:1min
NASDAQ,FCSC,TIME_SERIES_DAILY:Daily|TIME_SERIES_INTRADAY:1min
NASDAQ,FGEN,TIME_SERIES_DAILY:Daily|TIME_SERIES_INTRADAY:1min
NASDAQ,FPRX,TIME_SERIES_DAILY:Daily|TIME_SERIES_INTRADAY:1min
NASDAQ,FLKS,TIME_SERIES_DAILY:Daily|TIME_SERIES_INTRADAY:1min
NASDAQ,FLXN,TIME_SERIES_DAILY:Daily|TIME_SERIES_INTRADAY:1min
NASDAQ,FBIO,TIME_SERIES_DAILY:Daily|TIME_SERIES_INTRADAY:1min
NASDAQ,FTSV,TIME_SERIES_DAILY:Daily|TIME_SERIES_INTRADAY:1min
NASDAQ,FWP,TIME_SERIES_DAILY:Daily|TIME_SERIES_INTRADAY:1min
NASDAQ,GTHX,TIME_SERIES_DAILY:Daily|TIME_SERIES_INTRADAY:1min
NASDAQ,GLPG,TIME_SERIES_DAILY:Daily|TIME_SERIES_INTRADAY:1min
NASDAQ,GALT,TIME_SERIES_DAILY:Daily|TIME_SERIES_INTRADAY:1min
NASDAQ,GLMD,TIME_SERIES_DAILY:Daily|TIME_SERIES_INTRADAY:1min
NASDAQ,GEMP,TIME_SERIES_DAILY:Daily|TIME_SERIES_INTRADAY:1min
NASDAQ,GERN,TIME_SERIES_DAILY:Daily|TIME_SERIES_INTRADAY:1min
NASDAQ,GBT,TIME_SERIES_DAILY:Daily|TIME_SERIES_INTRADAY:1min
NASDAQ,GLYC,TIME_SERIES_DAILY:Daily|TIME_SERIES_INTRADAY:1min
NASDAQ,GRFS,TIME_SERIES_DAILY:Daily|TIME_SERIES_INTRADAY:1min
NASDAQ,GTXI,TIME_SERIES_DAILY:Daily|TIME_SERIES_INTRADAY:1min
NASDAQ,GWPH,TIME_SERIES_DAILY:Daily|TIME_SERIES_INTRADAY:1min
NASDAQ,HTBX,TIME_SERIES_DAILY:Daily|TIME_SERIES_INTRADAY:1min
NASDAQ,HRTX,TIME_SERIES_DAILY:Daily|TIME_SERIES_INTRADAY:1min
NASDAQ,FIXX,TIME_SERIES_DAILY:Daily|TIME_SERIES_INTRADAY:1min
NASDAQ,HZNP,TIME_SERIES_DAILY:Daily|TIME_SERIES_INTRADAY:1min
NASDAQ,HCM,TIME_SERIES_DAILY:Daily|TIME_SERIES_INTRADAY:1min
NASDAQ,RXDX,TIME_SERIES_DAILY:Daily|TIME_SERIES_INTRADAY:1min
NASDAQ,IMDZ,TIME_SERIES_DAILY:Daily|TIME_SERIES_INTRADAY:1min
NASDAQ,IMNP,TIME_SERIES_DAILY:Daily|TIME_SERIES_INTRADAY:1min
NASDAQ,IMGN,TIME_SERIES_DAILY:Daily|TIME_SERIES_INTRADAY:1min
NASDAQ,IMRN,TIME_SERIES_DAILY:Daily|TIME_SERIES_INTRADAY:1min
NASDAQ,IMMP,TIME_SERIES_DAILY:Daily|TIME_SERIES_INTRADAY:1min
NASDAQ,IPXL,TIME_SERIES_DAILY:Daily|TIME_SERIES_INTRADAY:1min
NASDAQ,IMMY,TIME_SERIES_DAILY:Daily|TIME_SERIES_INTRADAY:1min
NASDAQ,INFI,TIME_SERIES_DAILY:Daily|TIME_SERIES_INTRADAY:1min
NASDAQ,INVA,TIME_SERIES_DAILY:Daily|TIME_SERIES_INTRADAY:1min
NASDAQ,INSM,TIME_SERIES_DAILY:Daily|TIME_SERIES_INTRADAY:1min
NASDAQ,INSY,TIME_SERIES_DAILY:Daily|TIME_SERIES_INTRADAY:1min
NASDAQ,NTEC,TIME_SERIES_DAILY:Daily|TIME_SERIES_INTRADAY:1min
NASDAQ,IPCI,TIME_SERIES_DAILY:Daily|TIME_SERIES_INTRADAY:1min
NASDAQ,ICPT,TIME_SERIES_DAILY:Daily|TIME_SERIES_INTRADAY:1min
NASDAQ,ITCI,TIME_SERIES_DAILY:Daily|TIME_SERIES_INTRADAY:1min
NASDAQ,IONS,TIME_SERIES_DAILY:Daily|TIME_SERIES_INTRADAY:1min
NASDAQ,IRWD,TIME_SERIES_DAILY:Daily|TIME_SERIES_INTRADAY:1min
NASDAQ,ITRM,TIME_SERIES_DAILY:Daily|TIME_SERIES_INTRADAY:1min
NASDAQ,JAGX,TIME_SERIES_DAILY:Daily|TIME_SERIES_INTRADAY:1min
NASDAQ,JAZZ,TIME_SERIES_DAILY:Daily|TIME_SERIES_INTRADAY:1min
NASDAQ,JNP,TIME_SERIES_DAILY:Daily|TIME_SERIES_INTRADAY:1min
NASDAQ,KALA,TIME_SERIES_DAILY:Daily|TIME_SERIES_INTRADAY:1min
NASDAQ,KALV,TIME_SERIES_DAILY:Daily|TIME_SERIES_INTRADAY:1min
NASDAQ,KMDA,TIME_SERIES_DAILY:Daily|TIME_SERIES_INTRADAY:1min
NASDAQ,KPTI,TIME_SERIES_DAILY:Daily|TIME_SERIES_INTRADAY:1min
NASDAQ,KMPH,TIME_SERIES_DAILY:Daily|TIME_SERIES_INTRADAY:1min
NASDAQ,KERX,TIME_SERIES_DAILY:Daily|TIME_SERIES_INTRADAY:1min
NASDAQ,KZR,TIME_SERIES_DAILY:Daily|TIME_SERIES_INTRADAY:1min
NASDAQ,KIN,TIME_SERIES_DAILY:Daily|TIME_SERIES_INTRADAY:1min
NASDAQ,KNSA,TIME_SERIES_DAILY:Daily|TIME_SERIES_INTRADAY:1min
NASDAQ,KTOV,TIME_SERIES_DAILY:Daily|TIME_SERIES_INTRADAY:1min
NASDAQ,KURA,TIME_SERIES_DAILY:Daily|TIME_SERIES_INTRADAY:1min
NASDAQ,LXRX,TIME_SERIES_DAILY:Daily|TIME_SERIES_INTRADAY:1min
NASDAQ,LFVN,TIME_SERIES_DAILY:Daily|TIME_SERIES_INTRADAY:1min
NASDAQ,LGND,TIME_SERIES_DAILY:Daily|TIME_SERIES_INTRADAY:1min
NASDAQ,LPCN,TIME_SERIES_DAILY:Daily|TIME_SERIES_INTRADAY:1min
NASDAQ,LQDA,TIME_SERIES_DAILY:Daily|TIME_SERIES_INTRADAY:1min
NASDAQ,LOXO,TIME_SERIES_DAILY:Daily|TIME_SERIES_INTRADAY:1min
NASDAQ,MBVX,TIME_SERIES_DAILY:Daily|TIME_SERIES_INTRADAY:1min
NASDAQ,MGNX,TIME_SERIES_DAILY:Daily|TIME_SERIES_INTRADAY:1min
NASDAQ,MDGL,TIME_SERIES_DAILY:Daily|TIME_SERIES_INTRADAY:1min
NASDAQ,MGTA,TIME_SERIES_DAILY:Daily|TIME_SERIES_INTRADAY:1min
NASDAQ,MNKD,TIME_SERIES_DAILY:Daily|TIME_SERIES_INTRADAY:1min
NASDAQ,MRNS,TIME_SERIES_DAILY:Daily|TIME_SERIES_INTRADAY:1min
NASDAQ,MNOV,TIME_SERIES_DAILY:Daily|TIME_SERIES_INTRADAY:1min
NASDAQ,MEIP,TIME_SERIES_DAILY:Daily|TIME_SERIES_INTRADAY:1min
NASDAQ,MGTX,TIME_SERIES_DAILY:Daily|TIME_SERIES_INTRADAY:1min
NASDAQ,MLNT,TIME_SERIES_DAILY:Daily|TIME_SERIES_INTRADAY:1min
NASDAQ,MNLO,TIME_SERIES_DAILY:Daily|TIME_SERIES_INTRADAY:1min
NASDAQ,MACK,TIME_SERIES_DAILY:Daily|TIME_SERIES_INTRADAY:1min
NASDAQ,MRSN,TIME_SERIES_DAILY:Daily|TIME_SERIES_INTRADAY:1min
NASDAQ,MRUS,TIME_SERIES_DAILY:Daily|TIME_SERIES_INTRADAY:1min
NASDAQ,MTP,TIME_SERIES_DAILY:Daily|TIME_SERIES_INTRADAY:1min
NASDAQ,NERV,TIME_SERIES_DAILY:Daily|TIME_SERIES_INTRADAY:1min
NASDAQ,MRTX,TIME_SERIES_DAILY:Daily|TIME_SERIES_INTRADAY:1min
NASDAQ,MTEM,TIME_SERIES_DAILY:Daily|TIME_SERIES_INTRADAY:1min
NASDAQ,MBRX,TIME_SERIES_DAILY:Daily|TIME_SERIES_INTRADAY:1min
NASDAQ,MOR,TIME_SERIES_DAILY:Daily|TIME_SERIES_INTRADAY:1min
NASDAQ,MTFB,TIME_SERIES_DAILY:Daily|TIME_SERIES_INTRADAY:1min
NASDAQ,MOTS,TIME_SERIES_DAILY:Daily|TIME_SERIES_INTRADAY:1min
NASDAQ,MBIO,TIME_SERIES_DAILY:Daily|TIME_SERIES_INTRADAY:1min
NASDAQ,MYL,TIME_SERIES_DAILY:Daily|TIME_SERIES_INTRADAY:1min
NASDAQ,MYOK,TIME_SERIES_DAILY:Daily|TIME_SERIES_INTRADAY:1min
NASDAQ,MYOS,TIME_SERIES_DAILY:Daily|TIME_SERIES_INTRADAY:1min
NASDAQ,NBRV,TIME_SERIES_DAILY:Daily|TIME_SERIES_INTRADAY:1min
NASDAQ,NATR,TIME_SERIES_DAILY:Daily|TIME_SERIES_INTRADAY:1min
NASDAQ,NKTR,TIME_SERIES_DAILY:Daily|TIME_SERIES_INTRADAY:1min
NASDAQ,NYGN,TIME_SERIES_DAILY:Daily|TIME_SERIES_INTRADAY:1min
NASDAQ,NEOS,TIME_SERIES_DAILY:Daily|TIME_SERIES_INTRADAY:1min
NASDAQ,NEPT,TIME_SERIES_DAILY:Daily|TIME_SERIES_INTRADAY:1min
NASDAQ,NTRP,TIME_SERIES_DAILY:Daily|TIME_SERIES_INTRADAY:1min
NASDAQ,NLNK,TIME_SERIES_DAILY:Daily|TIME_SERIES_INTRADAY:1min
NASDAQ,NOVN,TIME_SERIES_DAILY:Daily|TIME_SERIES_INTRADAY:1min
NASDAQ,NVLN,TIME_SERIES_DAILY:Daily|TIME_SERIES_INTRADAY:1min
NASDAQ,NVUS,TIME_SERIES_DAILY:Daily|TIME_SERIES_INTRADAY:1min
NASDAQ,NCNA,TIME_SERIES_DAILY:Daily|TIME_SERIES_INTRADAY:1min
NASDAQ,OASM,TIME_SERIES_DAILY:Daily|TIME_SERIES_INTRADAY:1min
NASDAQ,OBSV,TIME_SERIES_DAILY:Daily|TIME_SERIES_INTRADAY:1min
NASDAQ,OCUL,TIME_SERIES_DAILY:Daily|TIME_SERIES_INTRADAY:1min
NASDAQ,ODT,TIME_SERIES_DAILY:Daily|TIME_SERIES_INTRADAY:1min
NASDAQ,OHRP,TIME_SERIES_DAILY:Daily|TIME_SERIES_INTRADAY:1min
NASDAQ,OMER,TIME_SERIES_DAILY:Daily|TIME_SERIES_INTRADAY:1min
NASDAQ,OMED,TIME_SERIES_DAILY:Daily|TIME_SERIES_INTRADAY:1min
NASDAQ,ONTX,TIME_SERIES_DAILY:Daily|TIME_SERIES_INTRADAY:1min
NASDAQ,ONCS,TIME_SERIES_DAILY:Daily|TIME_SERIES_INTRADAY:1min
NASDAQ,OPHT,TIME_SERIES_DAILY:Daily|TIME_SERIES_INTRADAY:1min
NASDAQ,OPK,TIME_SERIES_DAILY:Daily|TIME_SERIES_INTRADAY:1min
NASDAQ,OPTN,TIME_SERIES_DAILY:Daily|TIME_SERIES_INTRADAY:1min
NASDAQ,ORMP,TIME_SERIES_DAILY:Daily|TIME_SERIES_INTRADAY:1min
NASDAQ,OREX,TIME_SERIES_DAILY:Daily|TIME_SERIES_INTRADAY:1min
NASDAQ,OTIC,TIME_SERIES_DAILY:Daily|TIME_SERIES_INTRADAY:1min
NASDAQ,OVAS,TIME_SERIES_DAILY:Daily|TIME_SERIES_INTRADAY:1min
NASDAQ,OVID,TIME_SERIES_DAILY:Daily|TIME_SERIES_INTRADAY:1min
NASDAQ,PCRX,TIME_SERIES_DAILY:Daily|TIME_SERIES_INTRADAY:1min
NASDAQ,PTIE,TIME_SERIES_DAILY:Daily|TIME_SERIES_INTRADAY:1min
NASDAQ,PRTK,TIME_SERIES_DAILY:Daily|TIME_SERIES_INTRADAY:1min
NASDAQ,PTX,TIME_SERIES_DAILY:Daily|TIME_SERIES_INTRADAY:1min
NASDAQ,PZRX,TIME_SERIES_DAILY:Daily|TIME_SERIES_INTRADAY:1min
NASDAQ,PAHC,TIME_SERIES_DAILY:Daily|TIME_SERIES_INTRADAY:1min
NASDAQ,PLXP,TIME_SERIES_DAILY:Daily|TIME_SERIES_INTRADAY:1min
NASDAQ,PTLA,TIME_SERIES_DAILY:Daily|TIME_SERIES_INTRADAY:1min
NASDAQ,PRAN,TIME_SERIES_DAILY:Daily|TIME_SERIES_INTRADAY:1min
NASDAQ,PGNX,TIME_SERIES_DAILY:Daily|TIME_SERIES_INTRADAY:1min
NASDAQ,PRPH,TIME_SERIES_DAILY:Daily|TIME_SERIES_INTRADAY:1min
NASDAQ,PRQR,TIME_SERIES_DAILY:Daily|TIME_SERIES_INTRADAY:1min
NASDAQ,PTGX,TIME_SERIES_DAILY:Daily|TIME_SERIES_INTRADAY:1min
NASDAQ,PTI,TIME_SERIES_DAILY:Daily|TIME_SERIES_INTRADAY:1min
NASDAQ,PRTA,TIME_SERIES_DAILY:Daily|TIME_SERIES_INTRADAY:1min
NASDAQ,PTCT,TIME_SERIES_DAILY:Daily|TIME_SERIES_INTRADAY:1min
NASDAQ,PULM,TIME_SERIES_DAILY:Daily|TIME_SERIES_INTRADAY:1min
NASDAQ,PBYI,TIME_SERIES_DAILY:Daily|TIME_SERIES_INTRADAY:1min
NASDAQ,RARX,TIME_SERIES_DAILY:Daily|TIME_SERIES_INTRADAY:1min
NASDAQ,RDUS,TIME_SERIES_DAILY:Daily|TIME_SERIES_INTRADAY:1min
NASDAQ,RETA,TIME_SERIES_DAILY:Daily|TIME_SERIES_INTRADAY:1min
NASDAQ,REPH,TIME_SERIES_DAILY:Daily|TIME_SERIES_INTRADAY:1min
NASDAQ,RDHL,TIME_SERIES_DAILY:Daily|TIME_SERIES_INTRADAY:1min
NASDAQ,REGN,TIME_SERIES_DAILY:Daily|TIME_SERIES_INTRADAY:1min
NASDAQ,RGLS,TIME_SERIES_DAILY:Daily|TIME_SERIES_INTRADAY:1min
NASDAQ,RELV,TIME_SERIES_DAILY:Daily|TIME_SERIES_INTRADAY:1min
NASDAQ,REPL,TIME_SERIES_DAILY:Daily|TIME_SERIES_INTRADAY:1min
NASDAQ,TORC,TIME_SERIES_DAILY:Daily|TIME_SERIES_INTRADAY:1min
NASDAQ,RTRX,TIME_SERIES_DAILY:Daily|TIME_SERIES_INTRADAY:1min
NASDAQ,RVNC,TIME_SERIES_DAILY:Daily|TIME_SERIES_INTRADAY:1min
NASDAQ,RYTM,TIME_SERIES_DAILY:Daily|TIME_SERIES_INTRADAY:1min
NASDAQ,RIGL,TIME_SERIES_DAILY:Daily|TIME_SERIES_INTRADAY:1min
NASDAQ,RTTR,TIME_SERIES_DAILY:Daily|TIME_SERIES_INTRADAY:1min
NASDAQ,RCKT,TIME_SERIES_DAILY:Daily|TIME_SERIES_INTRADAY:1min
NASDAQ,ROSG,TIME_SERIES_DAILY:Daily|TIME_SERIES_INTRADAY:1min
NASDAQ,RUBY,TIME_SERIES_DAILY:Daily|TIME_SERIES_INTRADAY:1min
NASDAQ,RXII,TIME_SERIES_DAILY:Daily|TIME_SERIES_INTRADAY:1min
NASDAQ,SAGE,TIME_SERIES_DAILY:Daily|TIME_SERIES_INTRADAY:1min
NASDAQ,GCVRZ,TIME_SERIES_DAILY:Daily|TIME_SERIES_INTRADAY:1min
NASDAQ,SRPT,TIME_SERIES_DAILY:Daily|TIME_SERIES_INTRADAY:1min
NASDAQ,SVRA,TIME_SERIES_DAILY:Daily|TIME_SERIES_INTRADAY:1min
NASDAQ,SRRK,TIME_SERIES_DAILY:Daily|TIME_SERIES_INTRADAY:1min
NASDAQ,SCPH,TIME_SERIES_DAILY:Daily|TIME_SERIES_INTRADAY:1min
NASDAQ,SCYX,TIME_SERIES_DAILY:Daily|TIME_SERIES_INTRADAY:1min
NASDAQ,SELB,TIME_SERIES_DAILY:Daily|TIME_SERIES_INTRADAY:1min
NASDAQ,SLS,TIME_SERIES_DAILY:Daily|TIME_SERIES_INTRADAY:1min
NASDAQ,MCRB,TIME_SERIES_DAILY:Daily|TIME_SERIES_INTRADAY:1min
NASDAQ,SHPG,TIME_SERIES_DAILY:Daily|TIME_SERIES_INTRADAY:1min
NASDAQ,SNNA,TIME_SERIES_DAILY:Daily|TIME_SERIES_INTRADAY:1min
NASDAQ,SRRA,TIME_SERIES_DAILY:Daily|TIME_SERIES_INTRADAY:1min
NASDAQ,SVA,TIME_SERIES_DAILY:Daily|TIME_SERIES_INTRADAY:1min
NASDAQ,SLGL,TIME_SERIES_DAILY:Daily|TIME_SERIES_INTRADAY:1min
NASDAQ,SLDB,TIME_SERIES_DAILY:Daily|TIME_SERIES_INTRADAY:1min
NASDAQ,SNGX,TIME_SERIES_DAILY:Daily|TIME_SERIES_INTRADAY:1min
NASDAQ,SNOA,TIME_SERIES_DAILY:Daily|TIME_SERIES_INTRADAY:1min
NASDAQ,SPPI,TIME_SERIES_DAILY:Daily|TIME_SERIES_INTRADAY:1min
NASDAQ,SPRO,TIME_SERIES_DAILY:Daily|TIME_SERIES_INTRADAY:1min
NASDAQ,SBPH,TIME_SERIES_DAILY:Daily|TIME_SERIES_INTRADAY:1min
NASDAQ,STDY,TIME_SERIES_DAILY:Daily|TIME_SERIES_INTRADAY:1min
NASDAQ,SBOT,TIME_SERIES_DAILY:Daily|TIME_SERIES_INTRADAY:1min
NASDAQ,STML,TIME_SERIES_DAILY:Daily|TIME_SERIES_INTRADAY:1min
NASDAQ,SBBP,TIME_SERIES_DAILY:Daily|TIME_SERIES_INTRADAY:1min
NASDAQ,SCMP,TIME_SERIES_DAILY:Daily|TIME_SERIES_INTRADAY:1min
NASDAQ,SMMT,TIME_SERIES_DAILY:Daily|TIME_SERIES_INTRADAY:1min
NASDAQ,SNSS,TIME_SERIES_DAILY:Daily|TIME_SERIES_INTRADAY:1min
NASDAQ,SUPN,TIME_SERIES_DAILY:Daily|TIME_SERIES_INTRADAY:1min
NASDAQ,SURF,TIME_SERIES_DAILY:Daily|TIME_SERIES_INTRADAY:1min
NASDAQ,SNDX,TIME_SERIES_DAILY:Daily|TIME_SERIES_INTRADAY:1min
NASDAQ,SGYP,TIME_SERIES_DAILY:Daily|TIME_SERIES_INTRADAY:1min
NASDAQ,SYRS,TIME_SERIES_DAILY:Daily|TIME_SERIES_INTRADAY:1min
NASDAQ,TPIV,TIME_SERIES_DAILY:Daily|TIME_SERIES_INTRADAY:1min
NASDAQ,TLGT,TIME_SERIES_DAILY:Daily|TIME_SERIES_INTRADAY:1min
NASDAQ,TSRO,TIME_SERIES_DAILY:Daily|TIME_SERIES_INTRADAY:1min
NASDAQ,TTPH,TIME_SERIES_DAILY:Daily|TIME_SERIES_INTRADAY:1min
NASDAQ,TGTX,TIME_SERIES_DAILY:Daily|TIME_SERIES_INTRADAY:1min
NASDAQ,MDCO,TIME_SERIES_DAILY:Daily|TIME_SERIES_INTRADAY:1min
NASDAQ,TXMD,TIME_SERIES_DAILY:Daily|TIME_SERIES_INTRADAY:1min
NASDAQ,TRPX,TIME_SERIES_DAILY:Daily|TIME_SERIES_INTRADAY:1min
NASDAQ,TBPH,TIME_SERIES_DAILY:Daily|TIME_SERIES_INTRADAY:1min
NASDAQ,TIG,TIME_SERIES_DAILY:Daily|TIME_SERIES_INTRADAY:1min
NASDAQ,TOCA,TIME_SERIES_DAILY:Daily|TIME_SERIES_INTRADAY:1min
NASDAQ,TNXP,TIME_SERIES_DAILY:Daily|TIME_SERIES_INTRADAY:1min
NASDAQ,TBIO,TIME_SERIES_DAILY:Daily|TIME_SERIES_INTRADAY:1min
NASDAQ,TRVN,TIME_SERIES_DAILY:Daily|TIME_SERIES_INTRADAY:1min
NASDAQ,TCDA,TIME_SERIES_DAILY:Daily|TIME_SERIES_INTRADAY:1min
NASDAQ,TRIL,TIME_SERIES_DAILY:Daily|TIME_SERIES_INTRADAY:1min
NASDAQ,TYME,TIME_SERIES_DAILY:Daily|TIME_SERIES_INTRADAY:1min
NASDAQ,RARE,TIME_SERIES_DAILY:Daily|TIME_SERIES_INTRADAY:1min
NASDAQ,QURE,TIME_SERIES_DAILY:Daily|TIME_SERIES_INTRADAY:1min
NASDAQ,UTHR,TIME_SERIES_DAILY:Daily|TIME_SERIES_INTRADAY:1min
NASDAQ,UBX,TIME_SERIES_DAILY:Daily|TIME_SERIES_INTRADAY:1min
NASDAQ,UMRX,TIME_SERIES_DAILY:Daily|TIME_SERIES_INTRADAY:1min
NASDAQ,URGN,TIME_SERIES_DAILY:Daily|TIME_SERIES_INTRADAY:1min
NASDAQ,VCHX,TIME_SERIES_DAILY:Daily|TIME_SERIES_INTRADAY:1min
NASDAQ,VNDA,TIME_SERIES_DAILY:Daily|TIME_SERIES_INTRADAY:1min
NASDAQ,VBLT,TIME_SERIES_DAILY:Daily|TIME_SERIES_INTRADAY:1min
NASDAQ,VSTM,TIME_SERIES_DAILY:Daily|TIME_SERIES_INTRADAY:1min
NASDAQ,VRNA,TIME_SERIES_DAILY:Daily|TIME_SERIES_INTRADAY:1min
NASDAQ,VRCA,TIME_SERIES_DAILY:Daily|TIME_SERIES_INTRADAY:1min
NASDAQ,VSAR,TIME_SERIES_DAILY:Daily|TIME_SERIES_INTRADAY:1min
NASDAQ,VRTX,TIME_SERIES_DAILY:Daily|TIME_SERIES_INTRADAY:1min
NASDAQ,VKTX,TIME_SERIES_DAILY:Daily|TIME_SERIES_INTRADAY:1min
NASDAQ,VTGN,TIME_SERIES_DAILY:Daily|TIME_SERIES_INTRADAY:1min
NASDAQ,VTL,TIME_SERIES_DAILY:Daily|TIME_SERIES_INTRADAY:1min
NASDAQ,VVUS,TIME_SERIES_DAILY:Daily|TIME_SERIES_INTRADAY:1min
NASDAQ,VTVT,TIME_SERIES_DAILY:Daily|TIME_SERIES_INTRADAY:1min
NASDAQ,WVE,TIME_SERIES_DAILY:Daily|TIME_SERIES_INTRADAY:1min
NASDAQ,XBIT,TIME_SERIES_DAILY:Daily|TIME_SERIES_INTRADAY:1min
NASDAQ,XNCR,TIME_SERIES_DAILY:Daily|TIME_SERIES_INTRADAY:1min
NASDAQ,XBIO,TIME_SERIES_DAILY:Daily|TIME_SERIES_INTRADAY:1min
NASDAQ,XENE,TIME_SERIES_DAILY:Daily|TIME_SERIES_INTRADAY:1min
NASDAQ,XERS,TIME_SERIES_DAILY:Daily|TIME_SERIES_INTRADAY:1min
NASDAQ,XOMA,TIME_SERIES_DAILY:Daily|TIME_SERIES_INTRADAY:1min
NASDAQ,XTLB,TIME_SERIES_DAILY:Daily|TIME_SERIES_INTRADAY:1min
NASDAQ,ZFGN,TIME_SERIES_DAILY:Daily|TIME_SERIES_INTRADAY:1min
NASDAQ,ZLAB,TIME_SERIES_DAILY:Daily|TIME_SERIES_INTRADAY:1min
NASDAQ,ZEAL,TIME_SERIES_DAILY:Daily|TIME_SERIES_INTRADAY:1min
NASDAQ,ZIOP,TIME_SERIES_DAILY:Daily|TIME_SERIES_INTRADAY:1min
NASDAQ,ZGNX,TIME_SERIES_DAILY:Daily|TIME_SERIES_INTRADAY:1min
NASDAQ,ZSAN,TIME_SERIES_DAILY:Daily|TIME_SERIES_INTRADAY:1min
NASDAQ,ZYNE,TIME_SERIES_DAILY:Daily|TIME_SERIES_INTRADAY:1min
